Twitter Username,Stripped Name,Handle
Rep. Ted Lieu,Ted Lieu,RepTedLieu
Congresswoman Amata,Amata,RepAmata
Pete Aguilar,Pete Aguilar,RepPeteAguilar
Rep. Glenn Grothman,Glenn Grothman,RepGrothman
Rep. Mia Love,Mia Love,RepMiaLove
Mark Takai,Mark Takai,RepMarkTakai
Congressman Hice,Hice,CongressmanHice
Buddy Carter,Buddy Carter,RepBuddyCarter
Kathleen Rice,Kathleen Rice,RepKathleenRice
Rep. Debbie Dingell,Debbie Dingell,RepDebDingell
Bonnie WatsonColeman,Bonnie WatsonColeman,RepBonnie
Mark DeSaulnier,Mark DeSaulnier,RepDeSaulnier
John Katko,John Katko,RepJohnKatko
Rep. Steve Russell,Steve Russell,RepRussell
Ruben Gallego,Ruben Gallego,RepRubenGallego
Congressman Rod Blum,Rod Blum,RepRodBlum
Martha McSally,Martha McSally,RepMcSally
Rep. Mike Bost,Mike Bost,RepBost
Rep. Alex Mooney,Alex Mooney,RepAlexMooney
Brad Ashford,Brad Ashford,RepBradAshford
Rick W. Allen,Rick Allen,RepRickAllen
Rep. Cresent Hardy,Cresent Hardy,RepHardy
Senator Thom Tillis,Thom Tillis,SenThomTillis
Rep. Will Hurd,Will Hurd,HurdOnTheHill
Tom MacArthur,Tom MacArthur,RepTomMacArthur
Senator Ben Sasse,Ben Sasse,SenSasse
Rep. Ralph Abraham,Ralph Abraham,RepAbraham
Rep. Don Beyer,Don Beyer,RepDonBeyer
Rep. Elise Stefanik,Elise Stefanik,RepStefanik
Rep. Gwen Graham,Gwen Graham,RepGwenGraham
Senator Mike Rounds,Mike Rounds,SenatorRounds
French Hill,French Hill,RepFrenchHill
Rep. Ryan Costello,Ryan Costello,RepRyanCostello
Rep. Evan Jenkins,Evan Jenkins,RepEvanJenkins
Ryan Zinke,Ryan Zinke,RepRyanZinke
Rep. Garret Graves,Garret Graves,RepGarretGraves
Barbara Comstock,Barbara Comstock,RepComstock
Rep. Bruce Poliquin,Bruce Poliquin,RepPoliquin
Rep Dan Newhouse,Dan Newhouse,RepNewhouse
Brian Babin,Brian Babin,RepBrianBabin
Alma S. Adams,Alma Adams,RepAdams
Mike Bishop,Mike Bishop,RepMikeBishop
Tom Emmer,Tom Emmer,RepTomEmmer
Barry Loudermilk,Barry Loudermilk,RepLoudermilk
SenDanSullivan,DanSullivan,SenDanSullivan
Rep. Dave Trott,Dave Trott,repdavetrott
Steve Knight,Steve Knight,UnofficialSK
David Perdue,David Perdue,sendavidperdue
Brenda Lawrence,Brenda Lawrence,RepLawrence
Congressman Ken Buck,Ken Buck,RepKenBuck
Gary Palmer,Gary Palmer,USRepGaryPalmer
Joni Ernst,Joni Ernst,SenJoniErnst
Rep. Carlos Curbelo,Carlos Curbelo,RepCurbelo
Rep. Bruce Westerman,Bruce Westerman,RepWesterman
John Ratcliffe,John Ratcliffe,RepRatcliffe
Lee Zeldin,Lee Zeldin,RepLeeZeldin
Rep. Curt Clawson,Curt Clawson,RepCurtClawson
Rep. Stacey Plaskett,Stacey Plaskett,StaceyPlaskett
Rep. John Moolenaar,John Moolenaar,RepMoolenaar
Rep. Dave Brat,Dave Brat,RepDaveBrat
David Jolly,David Jolly,USRepDavidJolly
Alcee L. Hastings,Alcee Hastings,RepHastingsFL
Rob Woodall,Rob Woodall,RepRobWoodall
Katherine Clark,Katherine Clark,RepKClark
Rep. Bradley Byrne,Bradley Byrne,RepByrne
Rep. Brett Guthrie,Brett Guthrie,RepGuthrie
Rep John Duncan Jr. ,John Duncan,RepJohnDuncanJr
US Rep Kathy Castor,Kathy Castor,USRepKCastor
Blaine Luetkemeyer,Blaine Luetkemeyer,RepBlainePress
Rep. Jason Smith,Jason Smith,RepJasonSmith
Joyce Beatty,Joyce Beatty,RepBeatty
Mark Sanford,Mark Sanford,RepSanfordSC
U.S. Rep. Billy Long,Billy Long,USRepLong
Rep. Peter Welch,Peter Welch,PeterWelch
Rodney Frelinghuysen,Rodney Frelinghuysen,USRepRodney
Rep. Duncan Hunter,Duncan Hunter,Rep_Hunter
Rep. Chris Smith,Chris Smith,RepChrisSmith
Tim Walz,Tim Walz,RepTimWalz
Rep. Juan Vargas,Juan Vargas,RepJuanVargas
Leader McConnell,Leader McConnell,SenateMajLdr
Julia Brownley,Julia Brownley,JuliaBrownley26
Rep. Tony Cárdenas,Tony Cárdenas,RepCardenas
Rep. Steve Scalise,Steve Scalise,SteveScalise
U.S. Rep. Mark Pocan,Mark Pocan,repmarkpocan
Donald Payne Jr.,Donald Payne,RepDonaldPayne
Keith Rothfus,Keith Rothfus,KeithRothfus
Rep. Scott Peters,Scott Peters,RepScottPeters
Rep. Beto O'Rourke,Beto O'Rourke,RepBetoORourke
Rep. Patrick Murphy,Patrick Murphy,RepMurphyFL
Rep. David Valadao,David Valadao,RepDavidValadao
Martin Heinrich,Martin Heinrich,MartinHeinrich
Senator Jim Risch,Jim Risch,SenatorRisch
Rep. Cheri Bustos,Cheri Bustos,RepCheri
Jim Bridenstine,Jim Bridenstine,RepJBridenstine
Rep. Ann Kirkpatrick,Ann Kirkpatrick,RepKirkpatrick
Raul Ruiz ,Raul Ruiz,CongressmanRuiz
Rep. Andy Barr,Andy Barr,RepAndyBarr
US Rep. Filemon Vela,Filemon Vela,RepFilemonVela
Kyrsten Sinema,Kyrsten Sinema,RepSinema
Bill Foster,Bill Foster,RepBillFoster
Rep. Roger Williams,Roger Williams,RepRWilliams
Rep. Lois Frankel,Lois Frankel,RepLoisFrankel
Sen. Tammy Baldwin,Tammy Baldwin,SenatorBaldwin
Senator Ted Cruz,Ted Cruz,SenTedCruz
Rep. Paul Cook,Paul Cook,RepPaulCook
Rep. Marc Veasey,Marc Veasey,RepVeasey
Susan W. Brooks ,Susan Brooks,SusanWBrooks
Sean Patrick Maloney,Sean Patrick Maloney,RepSeanMaloney
Pete Gallego,Pete Gallego,RepPeteGallego
Matt Salmon,Matt Salmon,RepMattSalmon
Rep. Chris Stewart,Chris Stewart,RepChrisStewart
Ted Yoho,Ted Yoho,RepTedYoho
Senator Deb Fischer,Deb Fischer,SenatorFischer
Rep. Doug LaMalfa,Doug LaMalfa,RepLaMalfa
Denny Heck,Denny Heck,RepDennyHeck
Senator Angus King,Angus King,SenAngusKing
Jackie Walorski,Jackie Walorski,RepWalorski
Rep. Tulsi Gabbard,Tulsi Gabbard,TulsiPress
MichelleLujanGrisham,MichelleLujanGrisham,RepLujanGrisham
Rep. Jeff Miller,Jeff Miller,RepJeffMiller
Sen. Heidi Heitkamp,Heidi Heitkamp,SenatorHeitkamp
Elizabeth Esty,Elizabeth Esty,RepEsty
Doug Collins,Doug Collins,RepDougCollins
Markwayne Mullin,Markwayne Mullin,RepMullin
Rep. Derek Kilmer,Derek Kilmer,RepDerekKilmer
Ron DeSantis,Ron DeSantis,RepDeSantis
Ann McLane Kuster,Ann McLane Kuster,RepAnnieKuster
Tammy Duckworth,Tammy Duckworth,RepDuckworth
 George Holding,George Holding,RepHolding
Congressman Tom Rice,Tom Rice,RepTomRice
Rep. Chris Collins,Chris Collins,RepChrisCollins
Randy Weber,Randy Weber,TXRandy14
Rep. Joe Kennedy III,Joe Kennedy III,RepJoeKennedy
Rep. Alan Lowenthal,Alan Lowenthal,RepLowenthal
US Rep. Rick Nolan,Rick Nolan,USRepRickNolan
Grace Meng,Grace Meng,RepGraceMeng
Rep. Kevin Cramer,Kevin Cramer,RepKevinCramer
Rep. Luke Messer,Luke Messer,RepLukeMesser
Rep. Dan Kildee,Dan Kildee,RepDanKildee
Mark Takano,Mark Takano,RepMarkTakano
Rep. Daniel Lipinski,Daniel Lipinski,RepLipinski
Rep. Suzan DelBene,Suzan DelBene,RepDelBene
US Rep Rodney Davis,Rodney Davis,RodneyDavis
Dave Joyce,Dave Joyce,RepDaveJoyce
Thomas Massie,Thomas Massie,RepThomasMassie
Elizabeth Warren,Elizabeth Warren,SenWarren
Tom Cotton,Tom Cotton,SenTomCotton
Mark Meadows,Mark Meadows,RepMarkMeadows
"Rep. Andy Harris, MD","Andy Harris, MD",RepAndyHarrisMD
Scott Garrett,Scott Garrett,RepGarrett
Congressman Ami Bera,Ami Bera,RepBera
Rep Robert Pittenger,Robert Pittenger,reppittenger
Rep. Eric Swalwell,Eric Swalwell,RepSwalwell
Rep. John Delaney,John Delaney,RepJohnDelaney
Rep. Mike Kelly,Mike Kelly,MikeKellyPA
Richard Hudson,Richard Hudson,RepRichHudson
Rep. Pat Tiberi,Pat Tiberi,PatTiberi
Sensenbrenner Press,Sensenbrenner Press,JimPressOffice
David Rouzer,David Rouzer,RepDavidRouzer
Rep. Danny Davis,Danny Davis,RepDannyDavis
Elijah E. Cummings,Elijah Cummings,RepCummings
Matt Cartwright,Matt Cartwright,RepCartwright
Rep. Leonard Lance,Leonard Lance,RepLanceNJ7
Senator Mike Crapo,Mike Crapo,MikeCrapo
Lacy Clay,Lacy Clay,LacyClayMO1
Rep. Doug Lamborn,Doug Lamborn,RepDLamborn
Marcy Kaptur,Marcy Kaptur,RepMarcyKaptur
Suzanne Bonamici,Suzanne Bonamici,RepBonamici
Senator Thad Cochran,Thad Cochran,SenThadCochran
Hal Rogers,Hal Rogers,RepHalRogers
Brad Wenstrup,Brad Wenstrup,RepBradWenstrup
Betty McCollum,Betty McCollum,BettyMcCollum04
Senator Jon Tester,Jon Tester,SenatorTester
Dave Loebsack,Dave Loebsack,daveloebsack
Senator Jack Reed,Jack Reed,SenJackReed
Rep. Roybal-Allard,Roybal-Allard,RepRoybalAllard
Sen Dianne Feinstein,Dianne Feinstein,SenFeinstein
Hakeem Jeffries,Hakeem Jeffries,RepJeffries
Rep. Jared Polis,Jared Polis,RepJaredPolis
Rep. Richard Neal,Richard Neal,RepRichardNeal
Office of Sen. Coons,Office of Sen. Coons,SenCoonsOffice
Rep. Susan Davis,Susan Davis,RepSusanDavis
G. K. Butterfield,G. Butterfield,GKButterfield
Rep. Rick Larsen,Rick Larsen,RepRickLarsen
RepMarkAmodei,MarkAmodei,MarkAmodeiNV2
Doc Hastings,Doc Hastings,DocHastings
Rep. Steven Horsford,Steven Horsford,RepHorsford
Jerry McNerney,Jerry McNerney,RepMcNerney
Rep. John Yarmuth,John Yarmuth,RepJohnYarmuth
Senator John Hoeven,John Hoeven,SenJohnHoeven
Rep. Terri A. Sewell,Terri Sewell,RepTerriSewell
Mac Thornberry Press,Mac Thornberry Press,MacTXPress
Rep. John Sarbanes,John Sarbanes,RepSarbanes
Rep. Devin Nunes,Devin Nunes,Rep_DevinNunes
Janice Hahn,Janice Hahn,Rep_JaniceHahn
Sen. McConnell Press,McConnell Press,McConnellPress
Jared Huffman,Jared Huffman,JaredHuffman
Indian Affairs Cmte,Indian Affairs Cmte,IndianCommittee
Vice President Biden,Vice President Biden,VP
David Young,David Young,RepDavidYoung
Linda T. Sánchez,Linda Sánchez,RepLindaSanchez
Rep. Stephen Lynch,Stephen Lynch,RepStephenLynch
Dutch Ruppersberger,Dutch Ruppersberger,Call_Me_Dutch
Bobby L. Rush,Bobby Rush,RepBobbyRush
Mike Thompson,Mike Thompson,RepThompson
Cong. Steven Palazzo,Steven Palazzo,CongPalazzo
Senator John Thune,John Thune,SenJohnThune
Rep. Adrian Smith,Adrian Smith,RepAdrianSmith
Mike Conaway,Mike Conaway,ConawayTX11
Senator Patty Murray,Patty Murray,PattyMurray
Lois Capps,Lois Capps,RepLoisCapps
Corrine Brown,Corrine Brown,RepCorrineBrown
Mike Enzi,Mike Enzi,SenatorEnzi
HouseVetAffairs,HouseVetAffairs,HouseVetAffairs
Daniel Webster,Daniel Webster,RepWebster
Marsha Blackburn,Marsha Blackburn,MarshaBlackburn
Richard Blumenthal,Richard Blumenthal,SenBlumenthal
SenateEnergyDems,EnergyDems,EnergyDems
SASC Majority,SASC Majority,SASCMajority
Rep. Zoe Lofgren,Zoe Lofgren,RepZoeLofgren
Rep Cedric Richmond,Cedric Richmond,RepRichmond
Dean Heller,Dean Heller,SenDeanHeller
Senator Roger Wicker,Roger Wicker,SenatorWicker
Senator Hatch Office,Hatch Office,SenOrrinHatch
Patrick Murphy,Patrick Murphy,PatrickMurphyFL
Carolyn  B. Maloney,Carolyn  Maloney,RepMaloney
Joe Wilson,Joe Wilson,RepJoeWilson
Rep. Kevin Yoder,Kevin Yoder,RepKevinYoder
Tom Reed,Tom Reed,RepTomReed
Rep Peter DeFazio,Peter DeFazio,RepPeterDeFazio
Ron Wyden,Ron Wyden,RonWyden
Senator Tom Carper,Tom Carper,SenatorCarper
"Sanford Bishop, Jr.",Sanford Bishop,SanfordBishop
Rep. Anna G. Eshoo,Anna Eshoo,RepAnnaEshoo
Charles Boustany,Charles Boustany,RepBoustany
Sam Johnson,Sam Johnson,SamsPressShop
Stephen Fincher,Stephen Fincher,RepFincherTN08
Patrick Meehan,Patrick Meehan,RepMeehan
Rep. Barbara Lee,Barbara Lee,RepBarbaraLee
Jeff Denham,Jeff Denham,RepJeffDenham
Seth Moulton,Seth Moulton,sethmoulton
Senator Dick Durbin,Dick Durbin,SenatorDurbin
Ed Royce,Ed Royce,RepEdRoyce
House Judiciary Dems,House Judiciary Dems,HouseJudDems
Raúl R. Labrador,Raúl Labrador,Raul_Labrador
Rep. Jim Costa,Jim Costa,RepJimCosta
Rep. Robert J. Dold,Robert Dold,RepDold
Mike Pompeo,Mike Pompeo,RepMikePompeo
JaimeHerreraBeutler,JaimeHerreraBeutler,HerreraBeutler
Niki Tsongas,Niki Tsongas,nikiinthehouse
Scott Tipton,Scott Tipton,RepTipton
Sen. Patrick Leahy,Patrick Leahy,SenatorLeahy
Frank Lucas,Frank Lucas,RepFrankLucas
Dr. Dan Benishek,Dr. Dan Benishek,CongressmanDan
Sheldon Whitehouse,Sheldon Whitehouse,SenWhitehouse
Rep. Jim McGovern,Jim McGovern,RepMcGovern
RepCharlieDent,CharlieDent,RepCharlieDent
Frank LoBiondo,Frank LoBiondo,RepLoBiondo
Yvette D. Clarke,Yvette Clarke,YvetteClarke
"Rep. Paul Gosar, DDS","Paul Gosar, DDS",RepGosar
David B. McKinley,David McKinley,RepMcKinley
Rep. Jeff Duncan,Jeff Duncan,RepJeffDuncan
Rep. Mick Mulvaney,Mick Mulvaney,RepMickMulvaney
Alan Nunnelee,Alan Nunnelee,RepAlanNunnelee
Rep. Tom Marino,Tom Marino,RepTomMarino
HomelandSecurityCmte,HomelandSecurityCmte,HouseHomeland
Congressmember Bass,ressmember Bass,RepKarenBass
Rep. Rubén Hinojosa,Rubén Hinojosa,USRepRHinojosa
Rep. Lou Barletta,Lou Barletta,RepLouBarletta
Mike Fitzpatrick,Mike Fitzpatrick,RepFitzpatrick
Rep Tim Walberg,Tim Walberg,RepWalberg
Rep. Randy Hultgren,Randy Hultgren,RepHultgren
Rep. John Carney,John Carney,JohnCarneyDE
Rep. Vicky Hartzler,Vicky Hartzler,RepHartzler
Steve Chabot,Steve Chabot,RepSteveChabot
Trey Gowdy,Trey Gowdy,TGowdySC
Rep. Bill Flores,Bill Flores,RepBillFlores
Mo Brooks,Mo Brooks,RepMoBrooks
Rep. Frank Guinta,Frank Guinta,RepFrankGuinta
Rep. Jim Renacci,Jim Renacci,RepJimRenacci
Rep. Richard Hanna,Richard Hanna,RepRichardHanna
Senator Gary Peters,Gary Peters,SenGaryPeters
Rich Nugent,Rich Nugent,RepRichNugent
Rep. Norma Torres,Norma Torres,NormaJTorres
Scott DesJarlais,Scott DesJarlais,DesJarlaisTN04
Steve Pearce,Steve Pearce,RepStevePearce
Rep. Kristi Noem,Kristi Noem,RepKristiNoem
Cory Gardner ,Cory Gardner,SenCoryGardner
Chuck Fleischmann,Chuck Fleischmann,RepChuck
Chris Gibson,Chris Gibson,RepChrisGibson
Rep. Ed Whitfield,Ed Whitfield,RepEdWhitfield
Rep. Robert Hurt ,Robert Hurt,RepRobertHurt
Rep. Bob Gibbs,Bob Gibbs,RepBobGibbs
"Larry Bucshon, MD","Larry Bucshon, MD",RepLarryBucshon
Rep. Austin Scott,Austin Scott,AustinScottGA08
House Ag Committee,House Ag Committee,HouseAgNews
Rep. Steve Womack,Steve Womack,rep_stevewomack
Senator Joe Manchin,Joe Manchin,Sen_JoeManchin
Immigration Subcmte,Immigration Subcmte,ImmigrationGOP
Rep. Todd Young,Todd Young,RepToddYoung
Morgan Griffith,Morgan Griffith,RepMGriffith
Reid Ribble,Reid Ribble,RepRibble
Sean Duffy,Sean Duffy,RepSeanDuffy
Frederica Wilson,Frederica Wilson,RepWilson
Rep. Bill Huizenga,Bill Huizenga,RepHuizenga
Justin Amash,Justin Amash,justinamash
Cong. Tim Huelskamp,Tim Huelskamp,CongHuelskamp
Senator Ron Johnson,Ron Johnson,SenRonJohnson
Senate Ag Democrats,Ag Democrats,SenateAgDems
Rep Rick Crawford,Rick Crawford,RepRickCrawford
Bill Keating,Bill Keating,USRepKeating
Joaquin Castro ,Joaquin Castro,JoaquinCastrotx
US Rep Brendan Boyle,Brendan Boyle,RepBrendanBoyle
Kelly Ayotte,Kelly Ayotte,KellyAyotte
Rep David Schweikert,David Schweikert,RepDavid
Sen. James Lankford,James Lankford,SenatorLankford
CHA Republicans,CHA Republicans,HouseAdmnGOP
Rep. Martha Roby ,Martha Roby,RepMarthaRoby
Michael F. Bennet,Michael Bennet,SenBennetCO
Congressman Joe Heck,Joe Heck,RepJoeHeck
Rep. Scott Rigell,Scott Rigell,RepScottRigell
Nita Lowey,Nita Lowey,NitaLowey
Senator Pat Toomey,Pat Toomey,SenToomey
Adam Kinzinger,Adam Kinzinger,RepKinzinger
Tim Scott,Tim Scott,SenatorTimScott
Dr. Rand Paul,Dr. Rand Paul,RandPaul
Senator Joe Donnelly,Joe Donnelly,SenDonnelly
Rep. Renee Ellmers,Renee Ellmers,RepReneeEllmers
Senator Dan Coats,Dan Coats,SenDanCoats
Rep. Marlin Stutzman,Marlin Stutzman,RepStutzman
Mark Kirk,Mark Kirk,SenatorKirk
Bill Johnson,Bill Johnson,RepBillJohnson
Steve Stivers,Steve Stivers,RepSteveStivers
Rep. Henry Cuellar,Henry Cuellar,RepCuellar
Sen. John Barrasso,John Barrasso,SenJohnBarrasso
André Carson,André Carson,RepAndreCarson
CongressmanJoePitts,JoePitts,RepJoePitts
Rep. Pete Visclosky,Pete Visclosky,RepVisclosky
Shelley Moore Capito,Shelley Moore Capito,SenCapito
Judy Chu,Judy Chu,RepJudyChu
Tom Graves,Tom Graves,RepTomGraves
James E. Clyburn,James Clyburn,Clyburn
Senator Tim Kaine,Tim Kaine,timkaine
Senate Budget Cmte,Budget Cmte,SenateBudget
Senator Bob Casey,Bob Casey,SenBobCasey
David Scott,David Scott,repdavidscott
US Rep E.B.Johnson,B.Johnson,RepEBJ
Rep. Nydia Velazquez,Nydia Velazquez,NydiaVelazquez
Eliot Engel,Eliot Engel,RepEliotEngel
Rep. Emanuel Cleaver,Emanuel Cleaver,repcleaver
Steve Cohen,Steve Cohen,RepCohen
Rep. Bobby Scott,Bobby Scott,repbobbyscott
Rep. Kay Granger,Kay Granger,RepKayGranger
Rep.Grace Napolitano,Grace Napolitano,gracenapolitano
Congressman Sam Farr,Sam Farr,RepSamFarr
Congressman Al Green,Al Green,RepAlGreen
David E. Price,David Price,RepDavidEPrice
Gary G. Miller,Gary Miller,RepGaryMiller
Lloyd Doggett,Lloyd Doggett,RepLloydDoggett
Rep. Marcia L. Fudge,Marcia Fudge,RepMarciaFudge
HouseBudgetDems,HouseBudgetDems,HouseBudgetDems
Chris Murphy,Chris Murphy,ChrisMurphyCT
Bob Brady,Bob Brady,RepBrady
Rob Bishop,Rob Bishop,RepRobBishop
Rosa DeLauro,Rosa DeLauro,rosadelauro
John Conyers,John Conyers,RepJohnConyers
Rep. Ted Deutch,Ted Deutch,RepTedDeutch
Lynn Westmoreland,Lynn Westmoreland,RepWestmoreland
Xavier Becerra,Xavier Becerra,RepBecerra
Barbara Mikulski,Barbara Mikulski,SenatorBarb
Jim McDermott,Jim McDermott,RepJimMcDermott
Fred Upton,Fred Upton,RepFredUpton
Rep. Tim Murphy,Tim Murphy,RepTimMurphy
Sen. Maria Cantwell,Maria Cantwell,SenatorCantwell
JEC Democrats,JEC Democrats,JECDems
D Wasserman Schultz,D Wasserman Schultz,DWStweets
Energy and Commerce,Energy and Commerce,HouseCommerce
Rep. Ron Kind,Ron Kind,RepRonKind
Rep. Joe Crowley,Joe Crowley,repjoecrowley
Rep. Gene Green,Gene Green,RepGeneGreen
Diane Black,Diane Black,RepDianeBlack
Sen. Jeanne Shaheen,Jeanne Shaheen,SenatorShaheen
JEC Republicans,JEC Republicans,JECRepublicans
Senator Ben Cardin,Ben Cardin,SenatorCardin
Loretta Sanchez,Loretta Sanchez,LorettaSanchez
Senate Banking Dems,Banking Dems,SenateBanking
Senator Mazie Hirono,Mazie Hirono,maziehirono
John Garamendi,John Garamendi,RepGaramendi
Mike Lee,Mike Lee,SenMikeLee
Rep. Joe Courtney,Joe Courtney,RepJoeCourtney
John Fleming,John Fleming,RepFleming
Paul Tonko,Paul Tonko,RepPaulTonko
Senate Energy GOP,Energy GOP,EnergyGOP
Rep Donna F Edwards,Donna F Edwards,repdonnaedwards
RepBThompson,BThompson,BennieGThompson
Sheila Jackson Lee,Sheila Jackson Lee,JacksonLeeTX18
Gerry Connolly,Gerry Connolly,GerryConnolly
Johnny Isakson,Johnny Isakson,SenatorIsakson
HouseRulesCommittee,HouseRulesCommittee,RulesReps
Sen. Lamar Alexander,Lamar Alexander,SenAlexander
Rep. Robert Aderholt,Robert Aderholt,Robert_Aderholt
John Kline,John Kline,repjohnkline
Cong. Mike Simpson,Mike Simpson,CongMikeSimpson
Foreign Affairs Cmte,Foreign Affairs Cmte,HouseForeign
Pat Roberts,Pat Roberts,SenPatRoberts
"Bill Pascrell, Jr.",Bill Pascrell,BillPascrell
House Armed Services,House Armed Services,HASCDemocrats
Ted Poe,Ted Poe,JudgeTedPoe
Senator Bob Corker,Bob Corker,SenBobCorker
Kirsten Gillibrand,Kirsten Gillibrand,SenGillibrand
Louise Slaughter,Louise Slaughter,louiseslaughter
Foreign Affairs Cmte,Foreign Affairs Cmte,HFACDemocrats
Tom Udall,Tom Udall,SenatorTomUdall
Rep. Adam Smith,Adam Smith,RepAdamSmith
Mike Quigley,Mike Quigley,RepMikeQuigley
Dr. Phil Roe,Dr. Phil Roe,DrPhilRoe
US Rep. Mike Turner,Mike Turner,RepMikeTurner
Rep. John Larson,John Larson,RepJohnLarson
Tom McClintock,Tom McClintock,RepMcClintock
Steve King,Steve King,SteveKingIA
Chaka Fattah,Chaka Fattah,chakafattah
Sen. Jeff Sessions,Jeff Sessions,SenatorSessions
Mimi Walters,Mimi Walters,RepMimiWalters
Brian Schatz,Brian Schatz,brianschatz
Sherrod Brown,Sherrod Brown,SenSherrodBrown
Financial Services,Financial Services,FinancialCmte
Rep. Alan Grayson,Alan Grayson,AlanGrayson
Congressman Nadler,Nadler,RepJerryNadler
Mike Doyle,Mike Doyle,USRepMikeDoyle
Robin Kelly ,Robin Kelly,Robin42CD
Rep. Doris Matsui,Doris Matsui,DorisMatsui
Bob Goodlatte,Bob Goodlatte,RepGoodlatte
Mario Diaz-Balart,Mario Diaz-Balart,MarioDB
Rep. Don Young,Don Young,repdonyoung
Luis V. Gutierrez,Luis Gutierrez,RepGutierrez
Maxine Waters,Maxine Waters,MaxineWaters
T&I Committee,T&I Committee,Transport
Pedro Pierluisi,Pedro Pierluisi,pedropierluisi
Randy Neugebauer,Randy Neugebauer,RandyNeugebauer
Mike Rogers,Mike Rogers,RepMikeRogersAL
Dennis Ross,Dennis Ross,RepDennisRoss
Brian Higgins,Brian Higgins,RepBrianHiggins
Jose E. Serrano,Jose Serrano,RepJoseSerrano
Amy Klobuchar,Amy Klobuchar,amyklobuchar
Rep. Greg Walden,Greg Walden,repgregwalden
Rep. Frank Pallone,Frank Pallone,FrankPallone
Jim Himes,Jim Himes,jahimes
Ways and Means Dems,Ways and Means Dems,WaysMeansCmte
House OversightDems,House OversightDems,OversightDems
Energy Commerce Dems,Energy Commerce Dems,EnergyCommerce
Appropriations-Dems ,Appropriations-Dems,AppropsDems
Brad Sherman,Brad Sherman,BradSherman
Adam Schiff,Adam Schiff,RepAdamSchiff
John Lewis,John Lewis,repjohnlewis
Bernie Sanders,Bernie Sanders,SenSanders
Senator Jeff Merkley,Jeff Merkley,SenJeffMerkley
Raul M. Grijalva,Raul Grijalva,RepRaulGrijalva
Rep. Diana DeGette,Diana DeGette,RepDianaDeGette
Patrick McHenry,Patrick McHenry,PatrickMcHenry
Rep. Walter Jones,Walter Jones,RepWalterJones
Michael McCaul,Michael McCaul,RepMcCaul
Gus Bilirakis,Gus Bilirakis,RepGusBilirakis
Sandy Levin,Sandy Levin,repsandylevin
Bill Posey,Bill Posey,congbillposey
Jackie Speier,Jackie Speier,RepSpeier
Rep. Trent Franks,Trent Franks,RepTrentFranks
Rep. Hank Johnson,Hank Johnson,RepHankJohnson
Pete Sessions,Pete Sessions,PeteSessions
Jan Schakowsky,Jan Schakowsky,janschakowsky
Kenny Marchant,Kenny Marchant,RepKenMarchant
Tom Rooney,Tom Rooney,TomRooney
Aaron Schock,Aaron Schock,aaronschock
Gregg Harper,Gregg Harper,GreggHarper
Eleanor H. Norton,Eleanor Norton,EleanorNorton
David N. Cicilline,David Cicilline,davidcicilline
Rep. Tom Cole,Tom Cole,TomColeOK04
Rep. Cynthia Lummis,Cynthia Lummis,CynthiaLummis
 Gregory Meeks,Gregory Meeks,GregoryMeeks
Gwen Moore,Gwen Moore,RepGwenMoore
Ken Calvert,Ken Calvert,KenCalvert
Bill Shuster,Bill Shuster,RepBillShuster
Jim Cooper,Jim Cooper,repjimcooper
Darrell Issa,Darrell Issa,DarrellIssa
Louie Gohmert,Louie Gohmert,replouiegohmert
Science Committee,Science Committee,SciCmteDems
Steny Hoyer,Steny Hoyer,WhipHoyer
Ed Markey,Ed Markey,SenMarkey
Charles Rangel,Charles Rangel,cbrangel
Senator Roy Blunt,Roy Blunt,RoyBlunt
Richard Burr,Richard Burr,SenatorBurr
Richard Shelby,Richard Shelby,SenShelby
Bill Nelson,Bill Nelson,SenBillNelson
Rep Ed Perlmutter,Ed Perlmutter,RepPerlmutter
Inhofe Press Office,Inhofe Press Office,InhofePress
Rep. Kurt Schrader,Kurt Schrader,RepSchrader
Rep. Vern Buchanan,Vern Buchanan,VernBuchanan
Ander Crenshaw,Ander Crenshaw,AnderCrenshaw
HASC Republicans,HASC Republicans,HASCRepublicans
Debbie Stabenow,Debbie Stabenow,stabenow
Senator David Vitter,David Vitter,senatorvitter
Rep. Pete Olson,Pete Olson,RepPeteOlson
Peter Roskam,Peter Roskam,PeterRoskam
Steve Israel,Steve Israel,RepSteveIsrael
Joe Barton,Joe Barton,RepJoeBarton
RepKevinBrady,KevinBrady,RepKevinBrady
Kevin McCarthy,Kevin McCarthy,GOPLeader
Sen. Susan Collins,Susan Collins,SenatorCollins
Lynn Jenkins,Lynn Jenkins,RepLynnJenkins
Rep. Mike Coffman,Mike Coffman,RepMikeCoffman
John McCain,John McCain,SenJohnMcCain
Ben Ray Lujan,Ben Ray Lujan,repbenraylujan
Dana Rohrabacher,Dana Rohrabacher,DanaRohrabacher
Glenn 'GT' Thompson,Glenn 'GT' Thompson,CongressmanGT
Paul Ryan,Paul Ryan,SpeakerRyan
Rob Portman,Rob Portman,senrobportman
Jim Langevin,Jim Langevin,jimlangevin
Jeff Fortenberry,Jeff Fortenberry,JeffFortenberry
RepScottPerry,ScottPerry,RepScottPerry
Albio Sires,Albio Sires,RepSires
Senator Bob Menendez,Bob Menendez,SenatorMenendez
Jerry Moran,Jerry Moran,JerryMoran
Jeb Hensarling,Jeb Hensarling,RepHensarling
Rep. Pete King,Pete King,RepPeteKing
Rep. Jim Jordan,Jim Jordan,Jim_Jordan
Chris Van Hollen,Chris Van Hollen,ChrisVanHollen
Sen. Lisa Murkowski,Lisa Murkowski,lisamurkowski
JudgeCarter,Carter,JudgeCarter
CathyMcMorrisRodgers,CathyMcMorrisRodgers,cathymcmorris
Dina Titus,Dina Titus,dinatitus
Blake Farenthold,Blake Farenthold,farenthold
Jason Chaffetz,Jason Chaffetz,jasoninthehouse
Rep. Todd Rokita,Todd Rokita,ToddRokita
Rep. Erik Paulsen,Erik Paulsen,RepErikPaulsen
Chuck Schumer,Chuck Schumer,SenSchumer
Senator Harry Reid,Harry Reid,SenatorReid
Rep. Mike Honda,Mike Honda,RepMikeHonda
Ed & Workforce Cmte,Ed & Workforce Cmte,EdWorkforce
Virginia Foxx,Virginia Foxx,virginiafoxx
Claire McCaskill,Claire McCaskill,clairecmc
Dave Reichert,Dave Reichert,davereichert
Jeff Flake,Jeff Flake,JeffFlake
Earl Blumenauer,Earl Blumenauer,repblumenauer
Lamar Smith,Lamar Smith,LamarSmithTX21
Cory Booker,Cory Booker,CoryBooker
Nancy Pelosi ,Nancy Pelosi,NancyPelosi
"Michael Burgess, MD","Michael Burgess, MD",michaelcburgess
Marco Rubio,Marco Rubio,marcorubio
John Shimkus,John Shimkus,RepShimkus
Sen. Barbara Boxer,Barbara Boxer,SenatorBoxer
U.S. Rep. Bob Latta,Bob Latta,boblatta
Rep. Rob Wittman,Rob Wittman,RobWittman
Candice Miller,Candice Miller,CandiceMiller
Randy Forbes,Randy Forbes,Randy_Forbes
Chellie Pingree,Chellie Pingree,chelliepingree
johnculberson,johnculberson,johnculberson
Lindsey Graham,Lindsey Graham,GrahamBlog
Senate Republicans,Republicans,Senate_GOPs
Ileana Ros-Lehtinen,Ileana Ros-Lehtinen,RosLehtinen
Rep. Keith Ellison,Keith Ellison,keithellison
Congressman Tim Ryan,Tim Ryan,RepTimRyan
JohnCornyn,JohnCornyn,JohnCornyn
Ways and Means ,Ways and Means,WaysandMeansGOP
Steve Daines,Steve Daines,SteveDaines
ChuckGrassley,ChuckGrassley,ChuckGrassley
Speaker John Boehner,John Boehner,SpeakerBoehner
Mark Warner,Mark Warner,MarkWarner
Al Franken,Al Franken,alfranken
Jim Inhofe,Jim Inhofe,jiminhofe
Tom Price,Tom Price,RepTomPrice
Senator John Boozman,John Boozman,JohnBoozman
John Boehner,John Boehner,johnboehner
